RowID,EntryID,Account,Folio,Date,EntryText,Place,Event,Notes
1,V0477,Vernon,18r,1642-09-02,sallery 5 p[ai]d Thomas willis for 6 hired wagons to cary provision for Collonel Hollis reg[imen]t from Acton to Coventry £38 - 0s - 0d,"Acton, Middlesex",,
2,V2716,Vernon,66v,1643-06-21,183 p[ai]d Jo[hn] Francis major to serg[ean]t major g[e]n[era]ll skippon for soe much by him disborsed for a carriage of Amunition & other necessaries from london to Alisbury £35 - 0s - 0d,"Aylesbury, Buckinghamshire",,
3,V3390,Vernon,79r,1643-10-18,147 p[ai]d Coll[onel] Aldrich for his Regi[men]t lying at Alsbury £416 - 4s - 4d,"Aylesbury, Buckinghamshire",,
4,V3456,Vernon,80r,1643-11-14,147 p[ai]d Coll[onel] Aldrige toward[es] pay of the Garison of Alsburye uppon accompt £700 - 0s - 0d,"Aylesbury, Buckinghamshire",,
5,V3524,Vernon,81r,1643-12-01,45 p[ai]d Capt[ain] Thomas Terrill[es] troop the like the rest pay by C[olone]ll Aldrich at Alsberry £95 - 13s - 0d,"Aylesbury, Buckinghamshire",,
6,V0242,Vernon,11v,1642-08-19,"12 more 300l to be by his L[ordshi]p delivered unto S[i]r Oliver Luke, S[i]r Samuell Luke S[i]r Thomas Alston & S[i]r Thomas Rolt dep[uty] leifft[enants] of Bedford or anie 2 of them to be p[ai]d unto the soldiers when they ar mustered w[hi]ch monie is to be Issued to the said lord uppon acc[oun]tt £300 - 0s - 0d",Bedfordshire,,
7,V0541,Vernon,19v,1642-09-05,"85 p[ai]d Thomas Symond[es] for monies disbursed by the hand[es] of Ric[hard] Touy of Bristoll for armes and Amunition by him provided and bought by order of m[aste]r Allexand[e]r Popham, m[aste]r strood & m[aste]r Ash £172 - 4s - 4d",Bristol,,
8,V0096,Vernon,7v,1642-08-11,sallery p[ai]d John Sharpe & John Richardson for ther travaile and charge of bringinge up severall french menn from Canterbury £30 - 0s - 0d,"Canterbury, Kent",,
9,V3407,Vernon,79v,1643-10-19,207 p[ai]d C[aptain] James Barckley who was dangerouslie wounded at [th]e late skirmish at Chinor £100 - -s - -d,"Chalgrove Field, Oxfordshire",battle,
10,V2827,Vernon,69r,1642-11-11,33 p[ai]d S[i]r w[illia]m Balfour for [th]e guift monye of his Regiment mustred in Chelsey feild order to the order then given 11 [Novem]bre 1642 £100 - 0s - 0d,"Chelsea, Middlesex",,
11,V1399,Vernon,39r,1642-11-24,more for guift monie for 18 of his troop that appeard in Chelsey feild[es] £4 - 10s - -d,"Chelsea, Middlesex",,
12,V1470,Vernon,40v,1642-12-03,48 p[ai]d the lord willoughby for guift monie to 59 horsemen w[hi]ch apeared under his comand in Chelsey feild £14 - 15s - 0d,"Chelsea, Middlesex",,
13,V1543,Vernon,42r,1642-12-05,more for 57 horse mustred in Chelsey feild at 5s a horse £14 - 5s - -d,"Chelsea, Middlesex",,
14,V3407,Vernon,79v,1643-10-19,207 p[ai]d C[aptain] James Barckley who was dangerouslie wounded at [th]e late skirmish at Chinor £100 - -s - -d,"Chinnor, Oxfordshire",raid,
15,V0168,Vernon,9v,1642-08-15,sallery p[ai]d Isaack Broomwich for charges of severall post & messages about the busines of warwicke & coventry £7 - 0s - 0d,"Coventry, Warwickshire",,
16,V0426,Vernon,16v,1642-08-30,67 Sent to to be imployed for the use of the army quarteringe in and about Coventry this monie is to be d[elivere]d to sergant major Ballard S[i]r Henry cholmlie & S[i]r Edward Peto £8000 - 0s - 0d,"Coventry, Warwickshire",,
17,V0477,Vernon,18r,1642-09-02,sallery 5 p[ai]d Thomas willis for 6 hired wagons to cary provision for Collonel Hollis reg[imen]t from Acton to Coventry £38 - 0s - 0d,"Coventry, Warwickshire",,
18,V1455,Vernon,40v,1642-11-30,80 Paid lawrence loe surgeon for monies by him expended for the sicke and wounded soldiers in Coventry & for his owne charges and supply of his chest £100 - -s - -d,"Coventry, Warwickshire",,
19,V2079,Vernon,53v,1643-02-24,49 p[ai]d C[aptain] Thomas Pudsey being soe much expended by Collonel Barker according to my lord g[enera]ll[es] order for releiff of mained sold[ier]s at Coventree £200 - 0s - 0d,"Coventry, Warwickshire",,
20,V0316,Vernon,13v,1642-08-25,57 p[ai]d S[i]r Edward Boyes kn[igh]tt nominated for Captaine of Dover Castell toward [th]e repaire of that Castle & other incident charges £200 - 0s - 0d,"Dover, Kent",,
21,V1142,Vernon,34r,1642-10-29,100 p[ai]d Docter Gardinter & docter odlinge for releiff of the sicke & mamed sold[ier]s in warwicke £100 - -s - -d,"Edgehill, Warwickshire",battle,
22,V1724,Vernon,46r,1642-12-21,p[ai]d w[illia]m Hallford for soe much by him disbursed for cariage of severall sort[es] of Ammunition from Kinton feild to warwicke & other places for the use of the Army £15 - 2s - 6d,"Edgehill, Warwickshire",battle,
23,V2032,Vernon,52v,1643-01-24,7 p[ai]d Timothy langly surgeon for his Cost and charges expended about the embalming the bodie of Coll[onel] charles Essex £36 - -s - -d,"Edgehill, Warwickshire",battle,
24,V2202,Vernon,56r,1643-03-07,156 p[ai]d John Brak[es] late a trooper in major Belfours troope who by reason of manie wound[es] Rec[eive]d at the battle of Keinton hath rec[eive]d noe pay from [th]e 23 [Octo]bre to [th]e 7 march being due to him 16.17.6. p[ai]d in part £10 - 0s - 0d,"Edgehill, Warwickshire",battle,
25,V2220,Vernon,56v,1643-03-08,p[ai]d Hister Price widdow for monies by her expended in provisions for sick & maimed soldiers at warwicke £5 - -s - -d,"Edgehill, Warwickshire",battle,
26,V2235,Vernon,57r,1643-03-09,98 p[ai]d Jo[hn] Bridges and w[illia]m dod 2 troop[er]s of Cap[tain] drap[er]s troop wounded at Kinton in part of a warr[ant] for 18 week[es] pay 31 10.0 £20 - 0s - 0d,"Edgehill, Warwickshire",battle,
27,V2513,Vernon,62v,1643-04-29,p[ai]d Fra[ncis] Foster a wounded troop[er] at keinton £5 - 0s - 0d,"Edgehill, Warwickshire",battle,
28,V2977,Vernon,72v,1643-08-15,p[ai]d Georg Embre & walt[er] denton wounded troop[er]s at Kenton for ther arrears £33 - 0s - 0d,"Edgehill, Warwickshire",battle,
29,V1095,Vernon,33r,1642-10-28,141 p[ai]d the mayor of Evesham for monie lent and disburst by him £75 - 0s - 0d,"Evesham, Worcestershire",,
30,V2105,Vernon,54r,1643-03-02,15 p[ai]d Collonell nathaneel Fines uppon accompt when he went to ward glocester £1500 - 0s - 0d,Gloucester,,
31,V0282,Vernon,12v,1642-08-23,sallery p[ai]d Nathaneel and w[illia]m Hill for apprehending and bringinge up James Barrow and Edward Hudleston who wear raisinge forces in Gloastershire against the parlim[en]t £20 - 0s - 0d,Gloucestershire,,
32,V0599,Vernon,21r,1642-09-06,91 p[ai]d Captaine william willoughby by way of imprest for the charge of securinge the Blockhouse at Gravesend and the ordinance at wolwich £100 - 0s - 0d,"Gravesend, Kent",,
33,V0003,Vernon,5r,1642-08-02,[del: p[ai]d S[i]r John Evelinge for S[i]r Phillip Stapleton by order of the Committee of Lord[es] and Commons for defence of the kingdome for the furnishinge of 40 gentlemen for the lord Generall[es] guard the some of six hundreth pownd[es] w[hi]ch monie was first paid by the Th[reasur]ers of monie and plate in yealdhall and made good to them uppon the first 5000 [pounds] receaved of them.],"Guildhall, London",,
34,V0006,Vernon,5r,1642-08-05,4 p[ai]d Richard Lewis assigne of S[i]r william Lewis on thowsand pownd[es] to be imployed for the defence of hampshire £1000 - 0s - 0d,Hampshire,,
35,V0116,Vernon,8r,1642-08-12,27 p[ai]d Roger Wise Ingineer goinge to the countye of southampton £15 - 0s - 0d,Hampshire,,
36,V0117,Vernon,8r,1642-08-12,28 p[ai]d Rob[er]t Good Captaine of the pioners goinge for the same place £10 - 0s - 0d,Hampshire,,
37,V0173,Vernon,9v,1642-08-16,40 p[ai]d John Lisle Esq[uire] 2000 to be imployed for the present service by [th]e direction and apointment of the Committee nominated by both howses or anie 3 of them for the countye of southampt[on] £2000 - 0s - 0d,Hampshire,,
38,V2262,Vernon,57v,1643-03-17,49 p[ai]d Thomas Pudsey for soe much disbursed by Jams Kirle Esquire receaver of my lord g[e]n[era]ll[es] Rent[es] in Herefordshir toward[es] payment of his Regi[men]t & troope of horse £280 - -s - -d,Herefordshire,,
39,V2394,Vernon,60r,1643-04-13,p[ai]d Cornet Jo[hn] mansell for a reward for taking [th]e kings coll[our]s at hopton heath £20 - 0s - 0d,"Hopton Heath, Staffordshire",battle,
40,V0093,Vernon,7v,1642-08-11,23 p[ai]d M[aste]r Henry Martine for the charge of raisinge 2000 menn whereof on thowsand for Hull uppon acc[oun]tt £2000 - 0s - 0d,"Hull, Yorkshire",,
41,V0150,Vernon,9r,1642-08-13,36 p[ai]d Gwalter frost for severall provisions by him provided and sent to the towne of Hull £961 - 16s - 1d,"Hull, Yorkshire",,
42,V0170,Vernon,9v,1642-08-16,39 p[ai]d Capt[ain] John Bradley for reparinge of armes w[hi]ch came from hull as also for buyinge of pistoll Cases Cartrages & other things to furnish the said arms £500 - 0s - 0d,"Hull, Yorkshire",,
43,V0315,Vernon,13v,1642-08-25,sallery p[ai]d w[illia]m Dickenson m[aste]r of the castle of Hull for fraight & wages of menn for bringinge Tent[es] and Hulsters from hull £16 - 15s - 0d,"Hull, Yorkshire",,
44,V0338,Vernon,14r,1642-08-26,60 p[ai]d m[aste]r durand Hotham to be imployed by S[i]r John Hotham in paym[en]t of the garison of hull £2000 - 0s - 0d,"Hull, Yorkshire",,
45,V0400,Vernon,16r,1642-08-29,39 p[ai]d Captaine Bradley for reparing the Armes that came from Hull & buyinge pistoll[es] and other thing[es] for his service £500 - 0s - 0d,"Hull, Yorkshire",,
46,V0409,Vernon,16r,1642-08-30,23 p[ai]d to m[aste]r Henry Martine by way of imprest for the service of hull £70 - 0s - 0d,"Hull, Yorkshire",,
47,V0620,Vernon,21v,1642-09-06,12 p[ai]d Collonel John Browne for an allowance made to his sold[ier]s that came from hull 30. 6. for his surgeon[es] chest 15l for marshall[es] Irons 7l in all £52 - 6s - 0d,"Hull, Yorkshire",,
48,V1965,Vernon,51r,1643-01-23,50 p[ai]d C[aptain] John Raymond for severall pay[ments] to his compa[ny] of foot brought from Ipswich as by the warr[an]t £32 - 10s - 8d,"Ipswich, Suffolk",,
49,V0328,Vernon,14r,1642-08-25,sallery p[ai]d m[aste]r Thomas Pudsey for the like some lent and disbursed by him in the service of kent £100 - 0s - 0d,Kent,,
50,V0521,Vernon,19r,1642-09-05,81 p[ai]d Francis Allin toward[es] the charges of those forces that wear drawne out of London into kent £400 - 0s - 0d,Kent,,
51,V0522,Vernon,19r,1642-09-05,81 p[ai]d him more uppon the same acc[oun]tt £100 - 0s - 0d,Kent,,
52,V1201,Vernon,35r,1642-11-09,133 p[ai]d m[aste]r w[illia]m Barton the Committe for Lancreshire for the leviinge of dragoon[er]s ther uppon accompt £500 - 0s - 0d,Lancashire,,
53,V0249,Vernon,11v,1642-08-19,48 p[ai]d the Lord willougby of parham for soe much disbursed for service of the kingdome in Lincolnshire £100 - 0s - 0d,Lincolnshire,,
54,V0323,Vernon,13v,1642-08-25,59 p[ai]d M[aste]r Samuel warner apointed by [th]e Committe of the militia in the citty of london by order of his Excellence for the service of the state £500 - 0s - 0d,London,,
55,V0441,Vernon,17r,1642-09-01,sallery 103 p[ai]d Docter Burges for postage & other charges from London to Portsmouth £5 - 7s - 0d,London,,
56,V0521,Vernon,19r,1642-09-05,81 p[ai]d Francis Allin toward[es] the charges of those forces that wear drawne out of London into kent £400 - 0s - 0d,London,,
57,V0522,Vernon,19r,1642-09-05,81 p[ai]d him more uppon the same acc[oun]tt £100 - 0s - 0d,London,,
58,V0727,Vernon,24v,1642-09-26,19 p[ai]d Captaine Ro[bert] burghill first comissarie for the valuing & inroling of horses at lond[o]n for his pay & entertainm[en]t for 3 whole months endinge the 10 present £42 - -s - -d,London,,
59,V1048,Vernon,32r,1642-10-19,119 p[ai]d Edward Pilkington for part of the pay of himself & other gun smiths sent from lond[on] £50 - 0s - 0d,London,,
60,V2102,Vernon,54r,1643-02-20,132 p[ai]d Collonel Holmsted the 20 February In london w[hi]ch was taken out of the mony sent me uppon accompt of the Regi[men]t £200 - 0s,London,,
61,V2371,Vernon,59v,1643-04-12,143 p[ai]d in part of 6 warrent[es] due to the severall Captains of the Regi[men]t of dragoners under Collonel seton according to [th]e noat[es] warent[es] & receipt[es] - captaine sparro had his warr[an]t to rec[eive] the [?rem?] in Lond[o]n [?1378?] £870 - 0s - 0d,London,,
62,V2694,Vernon,66r,1643-05-25,75 p[ai]d S[i]r Jo[hn] meldrome for his owne severall pays as by the warr[an]t to [th]e 1 June. this warrent was p[ai]d in london & charged to my acc[oun]t by his Exc[ellencies] l[ette]re £465 - 2s - -d,London,,
63,V2695,Vernon,66r,1643-05-25,33 p[ai]d S[i]r w[illia]m Balfour by [th]e same order in london 25 maye for his severall payes £294 - -s - -d,London,,
64,V2716,Vernon,66v,1643-06-21,183 p[ai]d Jo[hn] Francis major to serg[ean]t major g[e]n[era]ll skippon for soe much by him disborsed for a carriage of Amunition & other necessaries from london to Alisbury £35 - 0s - 0d,London,,
65,V3358,Vernon,78v,1643-10-16,p[ai]d m[istres]s Elizabeth vaughan wiff to m[aste]r walter vaughan slaine at newberry for arrears dew to him £56 - -s - -d,"Newbury, Berkshire",battle,
66,V3642,Vernon,82v,1643-12-12,169 p[ai]d John Adams trompeter to Capt[ain] Carr wounded at newberry £4 - 4s - 0d,"Newbury, Berkshire",battle,
67,V3843,Vernon,84v,1644-02-19,109 p[ai]d the wiff of Jo[hn] walker troop[er] of Ca[ptain] lionel Coplies troop slain at newberry £3 - 10s - -d,"Newbury, Berkshire",battle,
68,V3963,Vernon,86r,1644-03-23,49 p[ai]d Jacob Cremer his Exc[ellencys] trompeter wounded at newberry fight uppon his arrears 10.0.0 £10 - 0s - 0d,"Newbury, Berkshire",battle,
69,V0164,Vernon,9v,1642-08-15,38 p[ai]d S[i]r Guilbert Pickeringe & John Crew for payment of such forces as ar at this present imployed for the defence of the countye & towne of northampton by the apointm[en]t of such deputye leifft[enants] as shalbe in the said towne or the greater number of £500 - 0s - 0d,Northampton,,
70,V2055,Vernon,53r,1642-09-05,18 p[ai]d Captaine Sheiffeild In northampton [th]e 5 [Septem]bre uppon accompt £200 - 0s - 0d,Northampton,,
71,V0722,Vernon,24v,1642-09-12,38 p[ai]d Collonel Hollis at northampton the 5 & 12 [Septem]bre at northampton for on 1/2 monthes pay for his officers and soldiers £829 - 10s - -d,Northampton,,
72,V0723,Vernon,24v,1642-09-12,33 p[ai]d Collonell [^Henry^] Cholmly as above £829 - 10s - -d,Northampton,,
73,V0908,Vernon,29r,1642-09-19,10 p[ai]d my lord Stamford for allowance of 11 wagons for his regiment at xll a wagon - this was p[ai]d the 19 [Septem]bre at northamp[ton] £440 - 0s - 0d,Northampton,,
74,V0728,Vernon,24v,1642-09-26,11 p[ai]d serjant major Gunter for soe much dew to himself officers & troope of harquebusiers to the first of [Octo]bre next wherof 200l was paid [th]e 5 [Septem]bre at northampton & 152.18. hear at worcester £352 - 18s - -d,Northampton,,
75,V0741,Vernon,25r,1642-09-27,"15 p[ai]d Captaine Nathaniel Fines in full payment of himself and officers of his troope untill the 1 [Octo]bre next inclusive 149.16., more p[ai]d him at northampton uppon his acc[oun]tt 200l £349 - 16s - 0d",Northampton,,
76,V2166,Vernon,55v,1643-03-04,162 p[ai]d Captaine daniell welky & Captaine Robert melvill captains of foot compa[nies] for on mo[nths] pay uppon acc[oun]tt being presentlie to be imployed in the service in North hampton shir £42 - -s - -d,Northampton,,
77,V2287,Vernon,58r,1643-04-10,166 p[ai]d Coll[onel] George Melve to be by him paid to sergeant major heborne beinge soe much by him p[ai]d to some of the officers of the Army now prisoners at Oxford £30 - 0s - 0d,Oxford,,
78,V2423,Vernon,61r,1643-04-13,178 p[ai]d m[istres]s Primrose toward[es] her husband Capt[ain] Primrose pay now a prison[e]r in oxford £20 - 0s - 0d,Oxford,,
79,F0171,Fenton,99v,1643-07-29,p[ai]d John Brette for [th]e use of [th]e prison[e]rs at oxford £100 - 0s - 0d,Oxford,,
80,F0241,Fenton,100v,1643-08-12,p[ai]d m[aste]r Baldwin to bee sent to [th]e prison[e]rs at oxford £39 - 12s - 11d,Oxford,,
81,V3072,Vernon,74r,1643-08-18,27 p[ai]d Cheyny fuller late prisoner in oxford for who was leifft[enant] of Cap[tain] Hailes troop for a mo[nths] pay uppon accompt of the arrears £25 - 4s - 0d,Oxford,,
82,V3075,Vernon,74r,1643-08-18,p[ai]d Jo[hn] overton dragon[er] late prisoner in Oxford uppon accompt of his arrears £2 - 2s - -d,Oxford,,
83,V3249,Vernon,77r,1643-08-26,201 p[ai]d Georg Forbes Capt[ain] of a compa[ny] of drago[ons] in Coll[onel] wardlaws Regi[men]t and late prisoner at oxford toward[es] his arrears £28 - -s - -d,Oxford,,
84,V0116,Vernon,8r,1642-08-12,27 p[ai]d Roger Wise Ingineer goinge to the countye of southampton £15 - 0s - 0d,"Portsmouth, Hampshire",siege,
85,V0117,Vernon,8r,1642-08-12,28 p[ai]d Rob[er]t Good Captaine of the pioners goinge for the same place £10 - 0s - 0d,"Portsmouth, Hampshire",siege,
86,V0118,Vernon,8r,1642-08-12,p[ai]d Thomas Mathew and 6 other of his companions for intelligence out of Portsmouth £14 - 0s - 0d,"Portsmouth, Hampshire",siege,
87,V0193,Vernon,10r,1642-08-16,p[ai]d John Bigg[es] late store keep[e]r of Portsmouth for his losses and expences in that business £20 - 0s - 0d,"Portsmouth, Hampshire",,
88,V0441,Vernon,17r,1642-09-01,sallery 103 p[ai]d Docter Burges for postage & other charges from London to Portsmouth £5 - 7s - 0d,"Portsmouth, Hampshire",,
89,V0478,Vernon,18r,1642-09-02,75 p[ai]d S[i]r John Meldrum Commander in cheif of the forces befor Portsmouth for on months entertainm[en]t at 40s p[er] diem commencing 15 aug[us]t last £56 - 0s - 0d,"Portsmouth, Hampshire",siege,
90,V0569,Vernon,20v,1642-09-05,4 p[ai]d S[i]r w[illia]m Lewis by way of imprest for the service of Portsmouth £2000 - 0s - 0d,"Portsmouth, Hampshire",siege,
91,V2106,Vernon,54r,1642-10-01,8 p[ai]d S[i]r w[illia]m waler [th]e 1 [Octo]bre for amunition of powther and shot by him taken up when he went to take Portsmouth £34 - 10s - 0d,"Portsmouth, Hampshire",siege,
92,V0876,Vernon,28r,1642-10-07,21 p[ai]d olive Reiston widdow the relict of will[ia]m Reiston liefftenn[an]t to Capt[ain] Anslme slaine near worster for her releif £20 - 0s - 0d,"Powick Bridge, Worcestershire",battle,
93,V0877,Vernon,28r,1642-10-07,21 p[ai]d Elizabeth Daniel his Cornet[es] wiffe John Daniell likewise slaine ther for her releif £20 - 0s - 0d,"Powick Bridge, Worcestershire",battle,
94,V0935,Vernon,29v,1642-10-11,100 p[ai]d Doct[o]r Richard Gardiner phisision of the Army by him to be destributed to the maymed sold[ier]s £50 - 0s - 0d,"Powick Bridge, Worcestershire",battle,
95,V0977,Vernon,30v,1642-10-15,p[ai]d m[aste]r George Haward who was imployed & wounded in the late service at worcester £20 - -s - -d,"Powick Bridge, Worcestershire",battle,
96,V0978,Vernon,30v,1642-10-15,100 p[ai]d Docter Richard Gardner to be distributed to sicke & maimed sold[ier]s in wo[rceste]r £30 - 0s - 0d,"Powick Bridge, Worcestershire",battle,
97,V1037,Vernon,32r,1642-10-19,80 p[ai]d Lawrence Loe my lord g[enera]ll[es] surgeon toward[es] the payment of the cures of divers maimed sold[ier]s left in the Cittie £40 - 0s - 0d,"Powick Bridge, Worcestershire",battle,
98,V2358,Vernon,59v,1643-04-12,32 p[ai]d widdow dowglas [th]e relict of major dowglas slaine at worcester £50 - -s - -d,"Powick Bridge, Worcestershire",battle,
99,V2437,Vernon,61r,1643-04-21,142 p[ai]d Coll[onel] Barkly for a reward for some of his sold[ier]s for speciall service donn at Redding £20 - -s - -d,"Reading, Berkshire",siege,
100,V2439,Vernon,61r,1643-04-22,75 p[ai]d S[i]r Jo[hn] Meldrom by way of reward for sold[ier]s workinge in [th]e aproches at Reddinge £10 - 0s - 0d,"Reading, Berkshire",siege,
101,V2461,Vernon,61v,1643-04-25,137 given the soldiers of Coll[onel] Holborns Regi[men]t for workinge in the trenches £20 - 0s - 0d,"Reading, Berkshire",siege,
102,V2552,Vernon,63r,1643-05-10,140 p[ai]d Coll[onel] langham for a reward to [th]e Common soldiers of his reg[imen]t for digginge in the trenches befor Redding £20 - 0s - 0d,"Reading, Berkshire",siege,
103,F0012,Fenton,97r,1643-05-25,p[ai]d [th]e Maior of Reading for woode for [th]e Court[es] of Guard £21 - 15s - 7d,"Reading, Berkshire",,
104,V2673,Vernon,65v,1643-05-26,22 p[ai]d Richard Dean for [th]e paym[en]t of [th]e gunners and matroses for service done before Redding £160 - -s - -d,"Reading, Berkshire",siege,
105,V0465,Vernon,17v,1642-09-02,sallery p[ai]d Anthony Fane for soe much expended for searching of Armes & bringinge ordinance from Richmond £7 - 9s - 0d,"Richmond, Surrey",,Assumed Surrey more likely than Yorkshire
106,V0601,Vernon,21r,1642-09-06,92 p[ai]d m[aste]r Edward Ash w[hi]ch was p[ai]d the 5 present for soe much by him disbursed before hand for supplie of the Army in sommersetsh[ire] £200 - 0s - 0d,Somerset,,
107,V0704,Vernon,24r,1642-09-10,64 p[ai]d m[aste]r George Milward for a bill of exchange directed from my lord of Bedford about the busines in som[m]ersetshir £100 - -s - -d,Somerset,,
108,F0323,Fenton,102r,1643-09-16,paid unto his Ex[cellen]cie w[hi]ch hee lent at St Albans for [th]e pay of the Comon souldiers £150 - 0s - 0d,"St Albans, Hertfordshire",,
109,V1231,Vernon,36r,1642-11-11,30 p[ai]d Collonel Ballard for 674 sold[ier]s of his regiment presented in Tuttle feild[es] for guift monie at 2s 6d a peece £84 - 5s - 0d,"Tothill Fields, Middlesex",,
110,V0651,Vernon,22v,1642-09-08,96 paid unto m[aste]r Geo[rge] Paylor & m[aste]r Jo[hn] Falkoner officers of the armory in the tower by way of imprest for repayringe certaine defective arms & musket[es] in the tower for this service £100 - 0s - 0d,Tower of London,,
111,V0168,Vernon,9v,1642-08-15,sallery p[ai]d Isaack Broomwich for charges of severall post & messages about the busines of warwicke & coventry £7 - 0s - 0d,Warwick,,
112,V1142,Vernon,34r,1642-10-29,100 p[ai]d Docter Gardinter & docter odlinge for releiff of the sicke & mamed sold[ier]s in warwicke £100 - -s - -d,Warwick,,
113,V1724,Vernon,46r,1642-12-21,p[ai]d w[illia]m Hallford for soe much by him disbursed for cariage of severall sort[es] of Ammunition from Kinton feild to warwicke & other places for the use of the Army £15 - 2s - 6d,Warwick,,
114,V2220,Vernon,56v,1643-03-08,p[ai]d Hister Price widdow for monies by her expended in provisions for sick & maimed soldiers at warwicke £5 - -s - -d,Warwick,,
115,V1662,Vernon,44v,1642-12-17,127 p[ai]d S[i]r Edward Peito toward[es] making the fortification in & about windsor £200 - -s - -d,"Windsor, Berkshire",,
116,V1895,Vernon,49v,1643-01-06,178 p[ai]d m[aste]r w[illia]m Church major of windsor for soe much by him disbursed for firing & Candell[es] for severall court[es] of guard in windsor from [th]e 28 november to the 26 december £22 - 0s - 0d,"Windsor, Berkshire",,
117,V1922,Vernon,50r,1643-01-13,127 p[ai]d S[i]r Edward Peyto toward[es] charges of the Trenches about windsor £100 - 0s - 0d,"Windsor, Berkshire",,
118,V1916,Vernon,50r,1643-01-10,75 p[ai]d S[i]r John meldrom to be given by way of reward to them that made the work[es] at Ockingham £20 - 0s - 0d,"Wokingham, Berkshire",,
119,V2091,Vernon,53v,1643-03-01,75 p[ai]d [^S[i]r John^] meldrom toward[es] the charg of the worke at ockingham £30 - -s - -d,"Wokingham, Berkshire",,
120,V0599,Vernon,21r,1642-09-06,91 p[ai]d Captaine william willoughby by way of imprest for the charge of securinge the Blockhouse at Gravesend and the ordinance at wolwich £100 - 0s - 0d,"Woolwich, Kent",,
121,V0728,Vernon,24v,1642-09-26,11 p[ai]d serjant major Gunter for soe much dew to himself officers & troope of harquebusiers to the first of [Octo]bre next wherof 200l was paid [th]e 5 [Septem]bre at northampton & 152.18. hear at worcester £352 - 18s - -d,Worcester,,
122,V0786,Vernon,26r,1642-10-01,more toward[es] the entertainm[en]t & charge of the traine of Artigl[ery] 600l and alsoe toward[es] the charge of the fortifications in and about worcester 300 £900 - 0s - 0d,Worcester,,
123,V0895,Vernon,28v,1642-10-10,more p[ai]d him uppon acc[oun]tt for charges of raisinge and bringinge horses to Wor[cester] £100 - 0s - 0d,Worcester,,
124,V0978,Vernon,30v,1642-10-15,100 p[ai]d Docter Richard Gardner to be distributed to sicke & maimed sold[ier]s in wo[rceste]r £30 - 0s - 0d,Worcester,,
125,V1037,Vernon,32r,1642-10-19,80 p[ai]d Lawrence Loe my lord g[enera]ll[es] surgeon toward[es] the payment of the cures of divers maimed sold[ier]s left in the Cittie £40 - 0s - 0d,Worcester,,
126,V1098,Vernon,33r,1642-10-28,92 p[ai]d S[i]r Samuel luke for soe much lent my lord St John uppon acc[oun]t of his reg[imen]t in worster £200 - 0s - 0d,Worcester,,
127,V1152,Vernon,34r,1642-11-04,24 p[ai]d in woster by Arthur Chambres for my lord St Johns Regiment uppon acc[oun]tt to Collonel Essex £1289 - 12s - -d,Worcester,,
128,V1153,Vernon,34r,1642-11-04,more delivered to the said Collonel Tho[mas] Essex in worster uppon acc[oun]t of the said reg[imen]t £90 - 0s - 0d,Worcester,,
129,V1154,Vernon,34r,1642-11-04,40 p[ai]d to the companies of S[i]r John merrick[es] Reg[imen]t in woster by [th]e governer Essex order £750 - 0s - 0d,Worcester,,
130,V1155,Vernon,34r,1642-11-04,47 p[ai]d Capt[ain] Kerle in woster for a mo[nths] pay for himself officers & troop of 56 to begin 19 [Octo]bre £335 - 6s - 0d,Worcester,,
131,V1156,Vernon,34r,1642-11-04,43 p[ai]d Collonel Sand[es] In worster by Arthur Chambers for himself officers troop & wagons uppon acc[oun]tt by the governer of worsters direct[ion] £535 - 10s - 0d,Worcester,,
132,V1160,Vernon,34v,1642-11-04,7 p[ai]d in worster to will[ia]m vinter chaplain to Collonel Tho[mas] Essex 16.4. till [th]e 11 [Novem]bre p[ai]d 31 [Octo]bre £16 - 4s - -d,Worcester,,
133,V1161,Vernon,34v,1642-11-04,13 p[ai]d John Anthony Surgeon to Coll[onel] Sand[es] for hims & two mates to end 28 [Octo]bre. in worster £16 - 16s - -d,Worcester,,
134,V1374,Vernon,38v,1642-11-23,131 p[ai]d leifft[enant] Coll[onel] Holman for a monthes pay advance as leifft[enant] Coll[onel] of a reg[imen]t in [th]e County of yorke £42 - -s - -d,Yorkshire,,
