RowID	Key	WikidataID
1	..., Henry	
2	Abercrommy, Jecamiah	
3	Abernethy, William	
4	Adams, John	
5	Adams, Richard	
6	Adams, Thomas	
7	Afflock, James	
8	Aldrich, Edward	
9	Alexander, Sigismund, Sir	
10	Allen, Anthony	
11	Allen, Francis	
12	Alley, William	
13	Alston, Thomas, Sir	Q75407918
14	Alured, John	
15	Ames, Elizabeth	
16	Andrews, Capt	
17	Andrews, John	
18	Andrews, Theophilus	
19	Andrews, William	
20	Anselme, William	
21	Anthony, John	
22	Appleby, Thomas	
23	Armstrong, John	
24	Arnett, Hercules	
25	Ash, Edward	
26	Ash, Simeon	Q7517567
27	Atkinson, Hugh	
28	Austin, George	
29	Austin, Mr (chaplain)	
30	Austin, Mrs	
31	Aylet, James	
32	Aylworth, Walter	
33	Ayres, Robert	
34	Ayres, Thomas	
35	Ayscough, Edward	
36	Babington, Capt	
37	Bailey, Alexander	
38	Baines, Jeremy	
39	Baldwin, John (paymaster)	
40	Baldwin, John (provost marshall)	
41	Baldwin, John (secretary)	
42	Balfour, William, Major	
43	Balfour, William, Sir	Q8004988
44	Ballard, Thomas	
45	Bampfield, John	
46	Bampfield, William	
47	Barclay, Alexander	
48	Barclay, David	
49	Barclay, Henry	
50	Barclay, James	
51	Barclay, John	
52	Barke, Michael	
53	Barke, Nicholas	
54	Barker, John	
55	Barnardiston, Capt	
56	Barriffe, William	Q18811365
57	Barton, William	
58	Barwicke, Roger	
59	Basset, Bussy	
60	Baynard, Adam	
61	Beaton, Major	
62	Beaton, Richard	
63	Bedford, Earl of	Q1837471
64	Bedford, Samuel	
65	Behre, Hans	Q28053574
66	Bellye, Major	
67	Ben, William	
68	Berry, Edward	
69	Bickerton, William	
70	Bigges, John	
71	Billiard, Thomas	
72	Billingsley, Henry	
73	Billingsley, Robert	
74	Billingsley, Sarah	
75	Billot, George	
76	Bingley, Capt	
77	Bird, John	
78	Blackberry, Benjamin	
79	Blackborne, Mr	
80	Bladwell, J	
81	Bland, Michael	
82	Bland, Peter	
83	Blare, Gilbert	
84	Blare, William	
85	Blith, Capt	
86	Blockman, John	
87	Blundell, Henry	
88	Blunt, George	
89	Bond, Nicholas	
90	Borthick, George	
91	Bosa, Samuel	
92	Boswell, James	
93	Boswell, John	
94	Bowen, Morris	
95	Bower, Capt	
96	Bowles, Edward	Q5341970
97	Boyes, Edward, Sir	
98	Boyleston, Thomas	
99	Bradley, John	
100	Brake, John	
101	Brette, John	
102	Bretterige, Roger	
103	Bricknell, James	
104	Bridges, John (trooper)	
105	Bridges, John, Capt	
106	Bridges, Roger	
107	Broad, Matthew	
108	Broadhurst, Ellen	
109	Broadhurst, George	
110	Bromhall, John	
111	Brooke, Lord	Q7344964
112	Broomwich, Isaac	
113	Browne, Edward	
114	Browne, James	
115	Browne, John, Colonel	
116	Browne, John, Sir	
117	Browne, Richard	Q16190216
118	Browne, Thomas	
119	Browne, William	
120	Browning, Harman	
121	Bruce, John (wagoner)	
122	Bruce, Lt	
123	Brummage, Mrs	
124	Brummage, Thomas	
125	Buchan, William	
126	Buller, Anthony	
127	Bulmer, George	
128	Bulmer, Robert (scout)	
129	Bulmer, Robert, Mr	
130	Bulstrode, Henry	Q16160193
131	Burges, Cornelius	Q5171313
132	Burgess, John	
133	Burgh, Major	
134	Burghill, Robert	
135	Burles, William	
136	Burne, John	
137	Burton, Capt	
138	Bushell, Thomas	
139	Butler, Francis	
140	Butler, John	
141	Butler, William	
142	Byfield, Adoniram	Q4684522
143	Cannon, Peter	
144	Cardwell, Thomas	
145	Carey, Francis (lifeguard)	
146	Carey, Francis, Ensign	
147	Carey, Henry	
148	Carey, Horatio	
149	Carleton, Samuel	
150	Carlton, John	
151	Carmichell, John	
152	Caroll, Humphrey	
153	Carr, Gilbert	
154	Carr, John	
155	Carr, William, Capt	
156	Carr, William, Colonel	
157	Castle, John	
158	Cavalier, Isaac	
159	Chambers, Arthur	
160	Chambers, Hannibal	
161	Chambers, Robert	
162	Chancy, Jeremy	
163	Charlot, James	
164	Cheese, William	
165	Chetwood, Thomas	
166	Cheyney, Alexander	
167	Chichester, Charles	
168	Chisam, John	
169	Cholmley, Henry, Sir	Q5719387
170	Chudleigh, George, Sir	Q7526853
171	Church, William	
172	Clarke, Edward	
173	Clarke, Major	
174	Clay, Roger	
175	Clement, Thomas	
176	Clinie, Alexander	
177	Close, Ensign	
178	Cludd, Edward	
179	Clulo, John	
180	Coake, Nicholas	
181	Cobbet, Robert	
182	Cockaine, Joseph	
183	Cockaine, Richard	
184	Coffe, William	
185	Collingwood, Peter	
186	Collins, William	
187	Constable, William, Sir	Q7529540
188	Cony, Henry	
189	Cooke, Edward	
190	Cooke, James	
191	Cooke, Thomas	
192	Cooper, Marmaduke	
193	Copley, John, Captain	
194	Copley, John, Mr	
195	Copley, Lionel	
196	Cosby, Arnold	
197	Cotsford, Ralph	
198	Cotton, Philip	
199	Covell, William	
200	Cox, Alban	
201	Coysh, Obediah	
202	Cracroft, Captain	
203	Cremer, Jacob	
204	Crewe, John	
205	Cromwell, Oliver (Lord Protector)	Q44279
206	Cromwell, Oliver (not Lord Protector)	
207	Crookshank, John	
208	Crosby (husband of Lady Crosby)	
209	Crosby, Lady	
210	Cross, Richard	
211	Crossley, Henry	
212	Crowther, Thomas	
213	Cunningham, Adam	
214	Dalbeir, John	Q6228397
215	Daniel, Elizabeth	
216	Daniel, John	
217	Davers, Capt	
218	Davies, William	
219	de Bois, Gertrude	
220	de Bois, Philibert Emanuel	
221	de La Hay, John	
222	de La Hay, Mrs	
223	de Morgey, William	
224	de Morque, Isaac	
225	Deane, Richard	Q7325150
226	Delaman, QMG	
227	Denbigh, Earl of	Q4867155
228	Denton, Walter	
229	Devereux, Nicholas	
230	Dickinson, William	
231	Dingley, Lt	
232	Dixon, Roger (surgeon, army)	
233	Dixon, Roger (surgeon, Bulstrode's foot)	
234	Dobson, Isaac	
235	Dod, William	
236	Dodson, Miles	
237	Dodsworth, Edward, Sir	
238	Donne, Mr (surgeon)	
239	Dorislaus, Isaac	Q6076243
240	Douglas, Alexander	
241	Douglas, James	
242	Douglas, Widow	
243	Dowett, Francis	
244	Downing, Calybute	Q43387596
245	Downs, Daniel	
246	Drake, John	
247	Drake, Thomas	
248	Draper, Matthew	
249	Ducket, Charles	
250	Duncan, John	
251	Dundass, George	
252	Easten, John	
253	Eaton, Henry	
254	Edgar, John	
255	Edling, Edward	
256	Egerton, Thomas	
257	Elliott, Jonathan	
258	Embre, George	
259	Erberry, William	
260	Essex, Charles	Q28070611
261	Essex, Colonel (Charles or Thomas?)	
262	Essex, Earl of	Q2701696
263	Essex, Katherine, Lady	
264	Essex, Thomas	Q28070610
265	Essex, William, Sir	
266	Estwicke, Stephen	
267	Evelin, Arthur	
268	Evelin, John, Sir	
269	Ewer, George	
270	Fains, Hugh	
271	Fairfax, Francis	
272	Fairfax, William, Sir	Q8008911
273	Falconer, John	
274	Fane, Anthony	
275	Fantom, Carlo	Q23018899
276	Farmer, John	
277	Farrington, Robert	
278	Fastolfe, Anthony	
279	Feilding, Lord	Q4867155
280	Fenton, Capt	
281	Fenwick, John	
282	Ferrer, Constance	
283	Fiennes, Edward	
284	Fiennes, Francis	
285	Fiennes, John	Q16190412
286	Fiennes, Nathaniel	Q6969606
287	Fiennes, Richard	
288	Fincher, Richard	
289	Fine, James	
290	Fitch, Thomas	
291	Fleetwood, Charles	Q203007
292	Fleming, John	
293	Flesher, Samuel	
294	Fletcher, John	
295	Flowerden, Grace	
296	Floyd, Walter	
297	Fluellin, Hugh	
298	Foans, Humphrey	
299	Fogg, Robert	
300	Fonteine, Major	
301	Forbes, George	
302	Forbois, Alexander	
303	Fortescue, Faithfull, Sir	Q5431285
304	Fortescue, Richard	
305	Fortescue, Thomas	
306	Foster, Francis	
307	Fowke, Francis	
308	Foxe, Edward	
309	Francis, John	
310	Fraser, Thomas	
311	Freeman, Edward	
312	Frizell, Alexander	
313	Frodsham, Edward	
314	Frodsham, Henry	
315	Frost, Walter	
316	Fuller, Cheyney	
317	Gale, Peter	
318	Gardner, Richard, Dr	
319	Gardner, Samuel	Q7411457
320	Garnet, Bartholomew	
321	Gauler, Henry	
322	Gerard, Gilbert, Sir	Q7526969
323	Gibbons, Devereux	
324	Gibbs, Richard	
325	Gitting, Edward	
326	Golledge, Thomas	
327	Good, Robert	
328	Goodwin, Arthur	Q4798842
329	Goodwin, Robert	
330	Gordon, Nathaniel	
331	Grantham, Thomas	Q7790142
332	Greeneway, Richard	
333	Greims, Robert	
334	Grenville, Richard (sheriff of Bucks)	Q75260215
335	Grevill, Richard, QM	
336	Grey of Groby, Lord	Q7790196
337	Grey of Warke, Lord	Q8010203
338	Grey, Edward	
339	Grey, James	
340	Grey, Major	
341	Grey, William	
342	Grimes, Mark	
343	Gualter, William	
344	Gunter, John	
345	Haldan, Archibald	
346	Hale, John	
347	Halford, John	
348	Halford, Nicholas	
349	Halford, William	
350	Hall, Francis	
351	Hall, Owen	
352	Halls, John	
353	Hallsall, James	
354	Hamilton, Robert	
355	Hammond, John	
356	Hammond, Robert	
357	Hammond, Thomas	
358	Hammond, William	
359	Hampden, John	Q329843
360	Harding, Hugh	
361	Hardy, Robert	
362	Harrison, Thomas	Q716034
363	Harrison, William	
364	Haselwood, John	
365	Hastings, Lord	Q5443945
366	Hatcher, Thomas	
367	Hatchett, William	
368	Haynes, Capt	
369	Hayward, George, Capt	
370	Hayward, George, Mr	
371	Hayward, Peter	
372	Heath, Nicholas	
373	Heborne, Major	
374	Hempson, Henry	
375	Henley, William	
376	Henricke Butler, William	
377	Hesilrige, Arthur, Sir	Q4798994
378	Hewson, John	Q2387219
379	Heydon, William	
380	Higgison, Ensign	
381	Hill, Nathaniel	
382	Hill, William	
383	Hill, William, Lt	
384	Hilliard, John	
385	Hilliard, John, Lt	
386	Hilliard, Robert	
387	Hind, Richard	
388	Hodgson, Francis	
389	Hodgson, Richard	
390	Holborne, James	Q16190558
391	Holles, Denzil	Q4499115
392	Holman, John	
393	Holmstead, John	
394	Holt, John	
395	Hooke, Benjamin	
396	Horn, Henry	
397	Horsey, John	
398	Hotham, Durand	Q18592992
399	Hotham, John, Capt	Q6239963
400	Hotham, John, Sir	Q6540245
401	Hudson, Francis	
402	Hughes, Alexander	
403	Hughes, Robert	
404	Hull, Susanna	
405	Hume, John	
406	Hunter, David	
407	Hunter, Robert	
408	Hunter, William	
409	Hurlocke, George	
410	Inglis, Adjutant	
411	Inglis, David	
412	Inglis, George	
413	Ingoldsby, Francis	Q5481388
414	Ingoldsby, Richard	Q7326680
415	Innes, James	
416	Innes, John	
417	Inwood, John	
418	Ireton, Henry	Q719724
419	Isham, Henry	
420	Jackson, Andrew	
421	Jackson, Thomas (chaplain)	
422	Jackson, Thomas, Capt	
423	Jenckes, Thomas	
424	Jenkins, John	
425	Jermyn, Robert	
426	Jessop, William	
427	Johnson, Henry	
428	Johnson, John	
429	Johnson, Richard	
430	Jones, Robert	
431	Kelsey, Thomas	
432	Kenan, Adolf	
433	Kendale, John	
434	Kennywood, Capt	
435	Kent, John	
436	Kett, Philip	
437	Kett, Thomas	
438	Keynon, John	
439	Kightly, Edward	
440	Kininmont, David	
441	Kirkady, Peter	
442	Kirle, James	
443	Kirle, Robert	
444	Knight, John	
445	Langham, George	
446	Langham, Henry	
447	Langley, Timothy	
448	Langrish, Hercules	Q28080356
449	Law, Robert	
450	Lawrence, Thomas, Capt	
451	Lawrence, Thomas, Lt	
452	Leigh, Jude	
453	Leighton, Titus	
454	Levendorff, Edward	
455	Leventhorp, Thomas	
456	Lewis, Richard	
457	Lewis, William, Sir	
458	Lidcot, Thomas	
459	Lilburne, John	Q714416
460	Lindsey, John	
461	Lisle, John	
462	Lister, Francis	
463	Littlepage, John	
464	Llewellen, James	
465	Lloyd, Thomas	
466	Long, Major	
467	Long, Robert	
468	Long, Walter	Q7529390
469	Low, Lawrence	
470	Lugg, Thomas	
471	Luke, Oliver, Sir	Q7087674
472	Luke, Samuel, Sir	Q7412057
473	Lukeman, Capt	
474	Lyall, Daniel	
475	Macham, Anthony	
476	Mackery, Malcolm	
477	Mackinnie, George	
478	Maine, Robert	
479	Mandeville, Lord	Q2702018
480	Manley, Capt	
481	Mansell, John	
482	Marbury, Eusebus	
483	Marrow, Peter	
484	Marshall, Lewis	
485	Marshall, Stephen	Q7609908
486	Marten, Henry	Q15515717
487	Martin, Francis	
488	Martin, Thomas, Sir	
489	Mason, Bestney	
490	Massey, Edward	Q1292964
491	Master, William	
492	Matthews, Christopher	
493	Matthews, Simon	
494	Matthews, Thomas	
495	Maynard, Thomas	
496	Mead, John	
497	Meldrum, George	
498	Meldrum, John, Colonel	
499	Meldrum, John, Sir	Q6248416
500	Melve, George, Capt	
501	Melve, George, Colonel	
502	Melve, Thomas	
503	Melvill, Robert	
504	Melvin, Capt	
505	Melvin, David	
506	Mercer, John	
507	Mercer, William	
508	Meredith, Edward	
509	Merford, Peter	
510	Meyrick, John, Sir	Q6248529
511	Middleton, David, Cornet	
512	Middleton, David, Ensign	
513	Middleton, Francis	
514	Middleton, John	Q4292811
515	Mildmay, Anthony	
516	Mildmay, Henry	
517	Mill, John	
518	Miller, Matthew	
519	Milward, George	
520	Monorgan, Robert	
521	Mordaunt, Lord	
522	Morden, Mary	
523	More, George	
524	More, John	
525	More, Major	
526	More, Robert	
527	Morris, William	
528	Morton, William	
529	Mosely, Lt-Col	
530	Nalton, James	Q15990073
531	Neale, John	
532	Neale, Major	
533	Nearne, Alexander	
534	Needham, Capt (Simon?)	
535	Needham, John	
536	Neile, Alexander	
537	Nelson, Robert	
538	Nevill, Francis	
539	Nevill, Mrs	
540	Nicholls, Anthony	
541	Nicholls, Ralph, Capt	
542	Nicholson, Ralph (surgeon)	
543	Norwich, John, Sir	
544	Nultie, Mrs	
545	Odingselles, Edward	
546	Odlinge, Dr	
547	Ogleby, Colonel	
548	Oliver, Trevor	
549	Overton, John	
550	Owets, Nicholas	
551	Oxenbridge, John	
552	Pabla, Robert	
553	Page, John	
554	Paleologus, Theophilus	
555	Palmer, Robert	
556	Parker, William	
557	Parkinson, John	
558	Pattison, Samuel	
559	Paylor, George	
560	Pecham, James	
561	Peele, John	
562	Perkins, Edward	
563	Perne, John	
564	Peterborough, Earl of	Q6249346
565	Petty, Maximilian	Q18530364
566	Peyto, Edward, Sir	
567	Phillips, Hugh	
568	Phillips, William	
569	Phinn, Robert	
570	Phipps, Edward	
571	Pickering, Edward	
572	Pickering, Gilbert, Sir	Q7526977
573	Pickering, William	
574	Piggot, Thomas, Sir	
575	Pilkington, Edward	
576	Pinade, John	
577	Ponier, William	
578	Poole, Henry	
579	Popham, Alexander	Q4719872
580	Porker, William	
581	Potter, John	
582	Predieux, Bevill	
583	Prescot, Daniel	
584	Preston, John	
585	Pretty, William (horse)	
586	Pretty, William, Lt (pioneers)	
587	Price, Anthony	
588	Price, Hester	
589	Price, Judith	
590	Price, Llewellin	
591	Prime, Robert	
592	Primrose, Edward	
593	Primrose, Elizabeth	
594	Pudsey, Thomas	
595	Purefoy, William	
596	Pye, Robert, Sir	Q7349068
597	Pyle, Seymour	
598	Pym, Alexander	
599	Pym, Charles	Q7526280
600	Rainborow, William	Q8017335
601	Ramsey, Alexander	
602	Ramsey, George	
603	Ramsey, James, Sir	
604	Ramsey, Robert	
605	Ramson, Thomas	
606	Rawlins, Thomas	
607	Rawlins, William	
608	Raymond, John	
609	Read, Dr	
610	Read, Thomas, Capt	
611	Reading, Mayor of	
612	Redman, Daniel	
613	Reeve, Joseph	
614	Richardson, John	
615	Richardson, Thomas	
616	Robartes, Lord	Q6255053
617	Roberts, Thomas	
618	Roberts, William	
619	Robinson, Thomas	
620	Robotham, Robert	
621	Rochford, Lord	Q15438988
622	Roger, Francis	
623	Rogers, Thomas	
624	Rolt, Thomas, Sir	
625	Roper, Samuel	
626	Rose, Fith	
627	Rotton, Ambrose	
628	Rouse, George	
629	Rowe, Henry	
630	Rowe, Owen	
631	Rowle, George	
632	Royston, Olive	
633	Royston, William	
634	Rudgely, Simon	
635	Rush, Thomas	
636	Rushworth, John	Q3182396
637	Russell, Francis	
638	Rutherford, Robert	
639	Salkeld, William	
640	Sanders, Thomas, Sir	
641	Sanderson, Anthony	
642	Sandys, Edwin	Q110252120
643	Saunders, Edward	
644	Saunders, Richard	
645	Savill, Thomas	
646	Sawyer, Francis	
647	Saye and Sele, Lord	Q8009023
648	Scaltick, Matthew	
649	Schwekhowsen, Cornet	
650	Scot, Thomas	
651	Scroope, Adrian	Q4685345
652	Seager, Thomas	
653	Seaton, John, Sir	
654	Sedaskew, George	
655	Sedgwick, John	Q18810949
656	Sedgwick, Obadiah	Q7074568
657	Sedgwick, William	Q8018251
658	Semple, Brice	
659	Semple, Robert	
660	Senior, James	
661	Sharpe, John	
662	Sheffeild, James	
663	Sheffeild, Thomas	
664	Shelborne, Thomas	
665	Shelby, John	
666	Shemondes, Thomas	
667	Shooler, Paul	
668	Simpson, George	
669	Sinclair, Arthur	
670	Skinner, Nicholas	
671	Skinner, Thomas	
672	Skippon, Philip	Q646271
673	Skrimsher, John	
674	Smith, Andrew	
675	Smith, Anthony	
676	Smith, Elizabeth	
677	Smith, Isaac	
678	Smith, John (commissary)	
679	Smith, John, Capt	
680	Smithson, Edward	
681	Sniellen, Susanna	
682	Somersters, Henry	
683	Southern, Lawrence	
684	Sparrow, Capt	
685	Springet, William, Sir	
686	Spurstow, William	
687	Squire, Francis	
688	St John of Bletso, Lord	Q7087849
689	St John, Anthony, Sir	
690	St John, John, Dr	
691	St Leger, William	
692	Stamford, Earl of	Q5722225
693	Stapleton, Philip, Sir	Q7184417
694	Stevens, Henry	
695	Stevens, Richard	
696	Stokes, Bristo	
697	Strahan, Archibald	
698	Strahan, Capt (Archibald or James?)	
699	Strahan, James	
700	Streeter, Edward	
701	Strelly, Henry	
702	Strelly, John	
703	Striall, Adam, Dr	
704	Strickland, Walter	
705	Strode, William (of Barrington)	Q8018926
706	Struice, Elias	
707	Style, Robert	
708	Swright, James	
709	Swright, Thomas	
710	Symonds, John (chaplain)	
711	Symonds, John (paymaster)	
712	Symonds, Thomas	
713	Tasker, Ralph	
714	Temple, Thomas	
715	Thomas, Walter	
716	Thomson, Francis	
717	Thomson, George	Q18857034
718	Thomson, Robert	
719	Thurston, Richard	
720	Tindall, Ambrose	
721	Tomkins, Richard	
722	Touy, Richard	
723	Traile, David	
724	Trapham, Mr (surgeon)	
725	Tremouth, Humphrey	
726	Trowgood, Nicholas	
727	Tuke, William	
728	Turner, Robert	
729	Turner, Samuel	
730	Turpin, William	
731	Tyrrell, Richard	
732	Tyrrell, Thomas	Q7794623
733	Ulrick, George	
734	Urry, Alexander	
735	Urry, John, Sir	Q4477269
736	Urry, Major (Alexander or William?)	
737	Urry, William	
738	van de Gerish, John	
739	Vandenbos, James	
740	Vanderhiden, Philip	
741	Vane, Colonel	
742	Vane, Henry, Sir, junior	Q1424943
743	Vaughan, Elizabeth	
744	Vaughan, Walter	
745	Vaux, John	
746	Ventris, Samuel	
747	Vernon, Francis	
748	Vestinghoven, Lt	
749	Vincent, Thomas	
750	Vinter, William	
751	Vivers, John	
752	Vivers, Robert	
753	Waddell, Archibald	
754	Wade, Samuel	
755	Wagstaff, Joseph	
756	Walker, John (trooper)	
757	Walker, John, Capt	
758	Walker, Mrs	
759	Waller, William, Sir	Q333673
760	Wally, Elias	
761	Walsey, Robert	
762	Walton, Valentine	Q16191463
763	Wansey, Henry	
764	Warburton, John	
765	Ward, Hugh	
766	Ward, John	
767	Ward, Thomas	
768	Wardlaw, James	
769	Ware, Peter	
770	Warner, Samuel	
771	Watts, Edward	
772	Watts, Paul	
773	Waylet, John	
774	Webb, Abraham	
775	Webb, James	
776	Webster, Richard	
777	Weelin, Thomas	
778	Welky, Daniel	
779	Wells, Samuel	Q18759401
780	West, Edmond	
781	Wharton, Lord	Q303401
782	Wheeler, John	
783	Whicherley, James	
784	Whistler, Ralph	
785	White, George	
786	White, James	
787	Whitledge, George	
788	Wickes, Thomas	
789	Wickins, William	Q22019601
790	Wigfall, Benjamin	
791	Wilcox, Richard	
792	Wilkes, Lt	
793	Wilkinson, Smith	
794	Williams, Capt (firelocks)	
795	Williams, Matthew	
796	Williams, Osmond	
797	Willis, Thomas	
798	Willoughby of Parham, Lord	Q1772473
799	Willoughby, William	
800	Wilson, Francis	
801	Wiltshire, Robert	
802	Wingate, Edward	
803	Winter, William	
804	Wise, Roger	
805	Wither, Edward	
806	Wither, George	Q5546465
807	Wither, Henry	
808	Wither, John	
809	Wogan, Thomas	
810	Wollaston, Edward	
811	Wolling, Thomas	
812	Wolsey, Robert	
813	Wood, Robert	
814	Wood, Thomas	
815	Wray, Christopher, Sir	Q5113465
816	Younge, Edward	
